{
  "hash": "bbe5ca1e",
  "configHash": "ef55b08a",
  "lockfileHash": "accd6f6b",
  "browserHash": "e37dd9e4",
  "optimized": {
    "@angular/common": {
      "src": "../../../../../node_modules/@angular/common/fesm2022/common.mjs",
      "file": "@angular_common.js",
      "fileHash": "c6aac67d",
      "needsInterop": false
    },
    "@angular/common/http": {
      "src": "../../../../../node_modules/@angular/common/fesm2022/http.mjs",
      "file": "@angular_common_http.js",
      "fileHash": "ded20690",
      "needsInterop": false
    },
    "@angular/core": {
      "src": "../../../../../node_modules/@angular/core/fesm2022/core.mjs",
      "file": "@angular_core.js",
      "fileHash": "d064a98e",
      "needsInterop": false
    },
    "@angular/forms": {
      "src": "../../../../../node_modules/@angular/forms/fesm2022/forms.mjs",
      "file": "@angular_forms.js",
      "fileHash": "fca85173",
      "needsInterop": false
    },
    "@angular/material/button": {
      "src": "../../../../../node_modules/@angular/material/fesm2022/button.mjs",
      "file": "@angular_material_button.js",
      "fileHash": "8cead554",
      "needsInterop": false
    },
    "@angular/material/card": {
      "src": "../../../../../node_modules/@angular/material/fesm2022/card.mjs",
      "file": "@angular_material_card.js",
      "fileHash": "a36d938d",
      "needsInterop": false
    },
    "@angular/material/divider": {
      "src": "../../../../../node_modules/@angular/material/fesm2022/divider.mjs",
      "file": "@angular_material_divider.js",
      "fileHash": "202988ab",
      "needsInterop": false
    },
    "@angular/material/form-field": {
      "src": "../../../../../node_modules/@angular/material/fesm2022/form-field.mjs",
      "file": "@angular_material_form-field.js",
      "fileHash": "0203420b",
      "needsInterop": false
    },
    "@angular/material/icon": {
      "src": "../../../../../node_modules/@angular/material/fesm2022/icon.mjs",
      "file": "@angular_material_icon.js",
      "fileHash": "27b38740",
      "needsInterop": false
    },
    "@angular/material/input": {
      "src": "../../../../../node_modules/@angular/material/fesm2022/input.mjs",
      "file": "@angular_material_input.js",
      "fileHash": "12000aac",
      "needsInterop": false
    },
    "@angular/material/list": {
      "src": "../../../../../node_modules/@angular/material/fesm2022/list.mjs",
      "file": "@angular_material_list.js",
      "fileHash": "f4616cb0",
      "needsInterop": false
    },
    "@angular/material/menu": {
      "src": "../../../../../node_modules/@angular/material/fesm2022/menu.mjs",
      "file": "@angular_material_menu.js",
      "fileHash": "0fe108a2",
      "needsInterop": false
    },
    "@angular/material/sidenav": {
      "src": "../../../../../node_modules/@angular/material/fesm2022/sidenav.mjs",
      "file": "@angular_material_sidenav.js",
      "fileHash": "32965825",
      "needsInterop": false
    },
    "@angular/material/toolbar": {
      "src": "../../../../../node_modules/@angular/material/fesm2022/toolbar.mjs",
      "file": "@angular_material_toolbar.js",
      "fileHash": "604648d0",
      "needsInterop": false
    },
    "@angular/platform-browser": {
      "src": "../../../../../node_modules/@angular/platform-browser/fesm2022/platform-browser.mjs",
      "file": "@angular_platform-browser.js",
      "fileHash": "eac88cd7",
      "needsInterop": false
    },
    "@angular/platform-browser/animations/async": {
      "src": "../../../../../node_modules/@angular/platform-browser/fesm2022/animations/async.mjs",
      "file": "@angular_platform-browser_animations_async.js",
      "fileHash": "2833e418",
      "needsInterop": false
    },
    "@angular/router": {
      "src": "../../../../../node_modules/@angular/router/fesm2022/router.mjs",
      "file": "@angular_router.js",
      "fileHash": "6f736782",
      "needsInterop": false
    },
    "crypto-js": {
      "src": "../../../../../node_modules/crypto-js/index.js",
      "file": "crypto-js.js",
      "fileHash": "eba3d155",
      "needsInterop": true
    },
    "file-saver": {
      "src": "../../../../../node_modules/file-saver/dist/FileSaver.min.js",
      "file": "file-saver.js",
      "fileHash": "3b518244",
      "needsInterop": true
    },
    "ngx-toastr": {
      "src": "../../../../../node_modules/ngx-toastr/fesm2022/ngx-toastr.mjs",
      "file": "ngx-toastr.js",
      "fileHash": "c4153a37",
      "needsInterop": false
    },
    "rxjs": {
      "src": "../../../../../node_modules/rxjs/dist/esm5/index.js",
      "file": "rxjs.js",
      "fileHash": "786e03e4",
      "needsInterop": false
    },
    "xlsx": {
      "src": "../../../../../node_modules/xlsx/xlsx.mjs",
      "file": "xlsx.js",
      "fileHash": "084ef14e",
      "needsInterop": false
    }
  },
  "chunks": {
    "browser-KM5WYQAP": {
      "file": "browser-KM5WYQAP.js"
    },
    "chunk-3UTQ4AFX": {
      "file": "chunk-3UTQ4AFX.js"
    },
    "chunk-ENVPK5PK": {
      "file": "chunk-ENVPK5PK.js"
    },
    "chunk-UOMBWC2J": {
      "file": "chunk-UOMBWC2J.js"
    },
    "chunk-44IVPODK": {
      "file": "chunk-44IVPODK.js"
    },
    "chunk-RBAHDRKV": {
      "file": "chunk-RBAHDRKV.js"
    },
    "chunk-W2UQM2FZ": {
      "file": "chunk-W2UQM2FZ.js"
    },
    "chunk-5NXE7XSV": {
      "file": "chunk-5NXE7XSV.js"
    },
    "chunk-3CMMAVO7": {
      "file": "chunk-3CMMAVO7.js"
    },
    "chunk-XN2DVRU6": {
      "file": "chunk-XN2DVRU6.js"
    },
    "chunk-U5TRETMT": {
      "file": "chunk-U5TRETMT.js"
    },
    "chunk-LGCHCEQT": {
      "file": "chunk-LGCHCEQT.js"
    },
    "chunk-4J25ECOH": {
      "file": "chunk-4J25ECOH.js"
    },
    "chunk-X6JV76XL": {
      "file": "chunk-X6JV76XL.js"
    }
  }
}